modelo,contexto,semilla,NLL,PPL,top1_pct,top5_pct,parametros,entrenamiento_s,latencia_mediana_ms
bigrama,1,,4.453492858217545,85.92654971273541,2.8241425452496656,25.621522642439608,,,
lstm_c12_s17,12,17,4.367169310672324,78.8202001167829,6.873723501655046,26.0388055496866,368184,111.22343780000028,1.0166500005652779
lstm_c12_s29,12,29,4.343029882733407,76.94030663799933,6.320867666737094,26.202549475315163,368184,112.74736029999985,1.2496999997893
lstm_c12_s43,12,43,4.36547850917717,78.68704340708152,6.952954433410803,26.186703288964015,368184,98.33727309999995,2.403450000201701
lstm_c24_s17,24,17,4.362637775936163,78.46383169980224,7.053313613634763,25.985984928516093,368184,148.37318979999964,1.3797000001432025
lstm_c4_s17,4,17,4.3605964768645675,78.30382691736689,6.687090640185929,26.049369673920697,368184,60.57583290000002,1.3039500008744653
rnn_c12_s17,12,17,4.320235553749246,75.20634134142362,7.880836678639342,26.568772448764,346296,67.19073000000026,1.2815499994758284
rnn_c12_s29,12,29,4.326379462878245,75.6698246101445,6.912458623846749,26.660328192126205,346296,91.13907989999916,1.2628999993467005
rnn_c12_s43,12,43,4.329745666301874,75.92497383397644,6.905415874357349,26.501866328614692,346296,76.18125549999968,1.0394500004622387
rnn_c24_s17,24,17,4.327196806969378,75.73169817671914,7.738221001478977,26.53708007606169,346296,80.59461480000027,1.2321000003794325
rnn_c4_s17,4,17,4.323975742043756,75.48815390648718,7.639622508627368,26.503627015987043,346296,44.71919069999967,0.7149000002755201
